{
  "project_info": {
    "project_number": "119561129259",
    "firebase_url": "https://demo1-d32ad.firebaseio.com",
    "project_id": "demo1-d32ad",
    "storage_bucket": "demo1-d32ad.appspot.com"
  },
  "client": [
    {
      "client_info": {
        "mobilesdk_app_id": "1:119561129259:android:b1267c1846234780",
        "android_client_info": {
          "package_name": "com.example.admin.control"
        }
      },
      "oauth_client": [
        {
          "client_id": "119561129259-8ev6o7p6n1qupn5q23u7e7gkq5am6679.apps.googleusercontent.com",
          "client_type": 1,
          "android_info": {
            "package_name": "com.example.admin.control",
            "certificate_hash": "05cfbf92600afecef03469e86fabdd45f59a6dab"
          }
        },
        {
          "client_id": "119561129259-cnmoj3uop1cdtbuevq944213m5i8flqt.apps.googleusercontent.com",
          "client_type": 3
        }
      ],
      "api_key": [
        {
          "current_key": "AIzaSyDEag1tgzWyE_S2y5Z0FLaBXJw-elFJFHg"
        }
      ],
      "services": {
        "appinvite_service": {
          "other_platform_oauth_client": [
            {
              "client_id": "119561129259-cnmoj3uop1cdtbuevq944213m5i8flqt.apps.googleusercontent.com",
              "client_type": 3
            }
          ]
        }
      }
    }
  ],
  "configuration_version": "1"
}